x1,x2,y
-0.9253133379934229,0.44498748500602026,0
4.518003453580462,3.1522961507130653,1
-1.5780060466445862,0.09397966744017572,0
3.0422694914870667,3.0950014084173545,1
3.0773010151235,1.6647819315897814,1
1.0327014428853392,0.45819352833125726,1
1.1705915657738497,-1.9048940558397198,0
-2.171961082886231,0.4478857586886851,0
-0.3064636852740533,-0.6807160993186792,0
-2.2306240187556536,-0.4762553625066821,0
-2.271160575580852,-2.616942341117219,0
-1.3453793445926217,-2.254735526671275,0
-1.6024813349126654,-1.0586809718812404,0
3.062167383990416,2.3388516435402433,1
1.7864721277641857,1.940856058045816,1
0.35904724136253696,-2.288619781392478,0
0.9504238330299422,-2.045994036213861,0
2.858890114284187,0.23480279736320198,1
-0.6796724524595111,0.7405733175134157,0
2.536937529250365,3.186223762886106,1
2.135871941939496,1.30595680290945,1
-1.203656617154901,0.3072652811810179,0
1.8585063132027826,4.144578723042084,1
-2.18888326624024,-3.05773338041081,0
2.0152925518861924,2.149840590133241,1
-2.655596332199046,-1.0398085694495178,0
0.794802487907231,-1.7044872123385626,0
2.3632671428197374,1.3429613299619354,1
0.16982437518015536,-0.5173208187465486,0
-2.3514496437620376,-0.3789125963681661,0
0.8960896639596865,-0.7030938002954369,0
-3.571261330329466,-1.3422116312150876,0
3.108084536403085,1.0014641914962867,1
-1.0243772213398123,1.8740043064855976,0
-1.9733540780270955,-0.58122425105239,0
-1.8346335144426518,-0.77749727558939,0
3.2929915277873705,0.10639405123397372,1
1.0573176672532592,1.3452656607865274,1
-2.0142809917664986,-1.9112945168370759,0
2.269239993804562,2.3930193437316207,1
-2.064391498908067,1.132615537772495,0
-0.8861602186133041,-1.9112569861907702,0
2.765535281453087,0.699125999126964,1
-1.1960402927323297,0.23359267075705958,0
-1.8603713573906568,0.5293026285079983,0
-1.8463347232604712,0.5960604543105756,0
2.840702836496595,0.28754514799599185,1
-0.6056471835522717,-1.7169308020197345,0
0.6928007884862221,-1.9251336246173385,0
2.129625605143465,0.5393965190488323,1
2.061204684614566,2.8473834762641124,1
3.4440922452745144,1.586329046970161,1
2.102661847556903,2.0208415733235436,1
1.1510726531912512,2.3756881929954883,1
1.8171130184646338,0.17437412800692242,1
1.4248379544589302,0.7208138691866167,1
4.030813242073618,3.77092038065266,1
3.114955979638925,4.157432442238357,1
2.2898891132481305,2.6274654987508024,1
0.8645821065988486,0.2628762593763,0
1.6129873773233536,0.5540421585217844,1
0.13241178281583352,1.7472194024373544,1
-1.5493923676069992,-0.1734360746060028,0
-1.8043946165370603,-1.3323352591244602,0
0.1439915552427674,-0.08863108308600354,0
0.41098571207527945,1.0309604909435957,1
-1.7919498742842208,-1.4689726679200834,0
3.6634515792573916,2.722130204901047,1
1.4495166921033615,-1.8753996996762954,0
-2.690786562775573,1.0944181389446181,0
-0.64552391995668,-1.4024122270503514,0
2.3906424882663697,2.552996741517752,1
2.115915736224095,1.9835805660806045,1
0.30539986035925326,0.9028335750720285,1
3.9907355523111123,1.8370357754074191,1
-0.25914569714748636,0.04286331516005269,0
-0.48816306460073494,-1.2155957274879072,0
-0.3965216277933926,-2.7789868046641937,0
1.7564634225351712,1.7460783468247976,1
-3.0047283442530395,0.4616193750936657,0
-1.8981432977164145,-0.4920441878996483,0
-2.0665260449994953,-0.6286270197563795,0
-0.7553907398820797,-1.2833365757407804,0
-1.70239534378847,-0.6167844086822755,0
-0.5237718550820646,-0.2648757172008702,0
0.8929550307468217,1.4047022844380679,1
0.08381298723584263,-0.6375451661311117,0
-2.250313852263953,0.5111800618601696,1
-0.1365813377113863,0.44069070955896794,1
-2.162476359011013,1.6844449698901123,0
2.24387917056077,2.8876787643643653,1
-3.449704226163761,-1.6741756741582468,0
-3.010031441775269,-1.37336031937235,0
3.9541421866704782,1.9045221006262034,1
-2.0446326259873695,-1.540337897012337,0
-1.8621163494138386,-1.1743546745801958,0
0.24889049673667307,-3.2391497283619377,0
4.465108919388155,2.4462591900404513,1
1.24316371909109,-1.5141288837816442,0
-1.749497152428784,-0.5107703828408797,0
1.4218379146167028,1.9745078988229947,1
-0.05108298394841834,-1.205439854282091,0
0.15673637570035237,0.9222240539894825,1
-1.4006442527712326,0.5640505344610088,0
-0.9358884611180374,0.22252534680531144,0
1.9475567601612367,0.39129900190069733,1
-1.5492980801317695,-0.022466376202122773,0
-0.7740283911732484,-2.1993262889999636,0
1.9648167612947225,1.1899412619763072,1
2.7697657250970145,2.1487155618599703,1
-2.731267237864203,-0.4512420516147621,0
1.22660358338379,3.1407449500813582,1
2.92581969432333,2.9293513455949474,1
-1.5650027575977008,-1.7487945686857873,0
0.365516219992857,2.3923252658142564,1
2.1581251131248704,-1.205678645269416,1
1.5628714122678584,1.8859387040109965,1
2.536104413338328,1.9694060326732241,1
4.315752790487026,3.6356578223388962,1
-0.7472630342312919,-0.6121068771669292,0
-0.8885268150741816,-1.530583148914333,0
0.6277482769132192,-0.3069745011122651,0
1.9547485284161905,1.7022389727920249,1
-0.9841964043874214,-1.583199813167433,0
0.9010245215349776,1.522676238765294,1
2.621913025809457,-0.4106098440472339,1
1.712107463511862,1.4317878224605478,1
-2.17615015927417,-0.561992955323402,0
-0.8180496320577517,0.7328275802783375,1
-0.02706995764442506,0.5606214467233177,1
1.9623369218496038,2.398360170280425,1
-0.7838608712557529,-0.4037903838704924,0
2.2663347356875096,0.19493372908369505,1
2.000914889637284,0.8074169855467701,1
0.8560582946991295,-0.7275453520976896,1
2.400715814231675,-1.9351783984525863,0
-2.176567427044818,0.7617770885792254,0
0.5751433391377816,1.8157793080616231,1
2.632419705163478,2.6866796935018247,1
1.5770964715688112,1.0745677779152376,1
2.6354340770093185,1.4386874305653274,1
1.479748329962721,1.7715739079231074,1
-0.607369901587699,-0.530916750830221,0
-1.6570762928795892,1.56176303977404,0
-1.5589916211909116,-2.8357117492076074,0
1.382441456748267,2.5292078804838973,1
-1.3193221958197716,-0.4769892041326812,0
-0.29880006550450694,-0.4753668145012141,1
4.028175431749487,2.2493366812790057,1
-1.5628991821682452,-0.22133004895489378,0
3.8035387909953395,3.0775384014125406,1
-0.7624567383095742,-1.3684863556496165,0
0.7399212041515112,0.061931995688040975,1
0.09241855262264834,1.5593832047489922,1
5.054960429624188,2.0101848652328416,1
1.8722725169961876,2.2037211812012667,1
-1.7063270378050555,-1.4493991354742861,0
-1.8435467884499979,0.1805878354595235,0
1.6665471905981653,0.5010732180440407,1
-1.6060677285800686,-1.0581123996333814,0
4.012901068029167,2.8441405180490023,1
-0.22203147375468668,-3.614093677163661,0
-2.382844347441027,1.9170001735978555,0
-0.14031710104239636,-0.8596952544480693,0
0.5603626544734088,2.042800342780587,1
-3.383104386628356,0.7619205035004117,0
2.2364832119186056,2.4119759499195292,1
-0.5685071893809044,-1.466827105493338,0
0.019421767528930794,-0.8050695431111992,0
-2.8816029762013193,0.9337413089441331,0
-2.5003800647885477,0.42058178768877624,0
2.1804672967386356,-0.7063592814044024,1
-3.2443241152072133,-0.7825448394113914,0
0.03797915550813302,-1.876968859134444,0
-0.601205574472535,0.24793128320993563,0
1.2428855965731342,-2.9256684777837147,0
-0.12072151146470353,-1.3997889264596661,0
2.3446563498518467,0.6194070148660256,1
-0.914423261736246,1.0794359449844853,1
0.5708186371383785,1.96587543862213,1
0.4213684076760502,-1.5987929455203702,0
1.3368958931160126,-0.7274341567906948,1
0.49167466606546184,1.6155092899264658,1
-0.9898556428262942,-0.3857274080311833,0
1.7041421422745153,0.6622865200944074,1
3.24271452057305,2.529220671971365,1
-1.6139602965027073,0.2696688597145864,0
2.9640772052594677,2.0595652713328807,1
0.5001150063121302,-0.11590970814214152,1
-0.14888202298680533,0.6497268728844443,0
2.7519820685044127,1.814206375493855,1
1.279720348813973,0.3173660680483957,1
-0.36160227266710576,0.8561508662827887,1
0.18111112337000593,1.17654070191922,1
1.9751380332710378,-0.7331025062133186,1
-3.2336723037662822,-1.336934857306811,0
1.6830274903273517,-0.8252623381848667,1
4.55717164208558,2.0169154275455465,1
-2.501826205157527,-1.2808554478893188,0
2.1371787531262267,2.808198707047691,1
2.804792058179653,2.036349613534501,1
-1.05637482430623,-2.176171013289605,0
-1.9739908043863836,-1.888087639357216,0
-1.3496569468067332,0.5835478422026269,0
1.0357665076083826,3.159413749100243,1
1.868147569275507,-2.1742736276166417,0
1.8988442079154448,2.5640909311966213,1
2.8887306155322756,1.7332773404413127,1
3.2643213196819767,3.393980507664421,1
-1.9690735526986904,-0.549246682968739,0
0.8685122320473491,0.8271814752907929,1
-2.7792111091839073,-1.0499680268313845,0
1.0390253620887682,1.4515139985649084,1
-1.4619687620837292,-0.7697436687017218,0
3.224640973658512,0.36193708767295296,1
1.3243720457699346,0.3718398841873041,1
0.35631168757654974,-3.3397936362977894,0
-0.23300490061082463,-0.23378638677335375,0
2.5946408592007235,1.3275763524983217,1
-1.9451261895688075,-0.86893676616441,0
2.7913200380811074,2.1317892924465163,1
3.3572080548764136,3.8268712923309556,1
0.8440755286974768,-1.7033191374023675,0
-0.279164362625445,-0.6230158210904801,0
0.2783581899569543,-0.8347646849350367,0
2.56166757991802,1.967233381086062,1
1.6785578674438186,-2.8724713378852473,0
-0.12703546565269075,-1.0161061167976766,0
-0.6669567403007008,-3.135206109263639,0
1.0626445180726187,1.5997449054039947,1
-2.006094787022853,-4.41257048175074,0
-0.05665925632942587,-1.0877720853304702,0
0.7917066665338198,0.708438917961341,1
-1.0003880330686146,1.660463676338019,0
1.794031778975816,-0.4048855021818984,1
2.3230393691946407,2.3707168504950493,1
1.8811992080694055,2.2580552678486954,1
3.4320315578007623,4.101470223180348,1
4.069277603584727,2.6119458333176344,1
2.774572477205326,2.8004510177049466,1
-3.441731924285305,-0.12615152780211988,0
-1.9529555070482942,-0.41927634572045475,0
1.0209845305422425,-2.4668660321590403,0
-0.3926000879015792,-2.0712895733469128,0
-1.019503359200006,0.9707343544412801,0
2.9524456832325536,4.0263029747078605,1
-1.7807681960441046,-0.545251460989365,0
0.22928844920605473,-0.9553583518892617,0
-0.7468146330980375,0.5437115005040255,0
0.43150029101034415,0.7978884979261192,1
1.922115145275951,-1.3844065429147796,0
3.468855792535627,1.8405538515518551,1
1.1721760846112534,1.811910866202824,1
-0.009233887947300068,0.893466514596317,0
1.9573761961340477,0.4916286736685409,1
-0.866489462665324,-0.7262811564804568,0
-0.24524772573588005,-0.3240698461489961,0
2.8315042006409064,2.8175140753412777,1
-1.4519330934034484,-0.6352757802806714,0
-1.3417837011590688,-0.8386569574828333,0
3.329850658877041,0.26436459543272683,1
-0.34185022302954904,-2.3009770829189544,0
-1.209582671620347,-1.0979297629368951,0
-0.22940871860257547,-3.1381308124972476,0
0.19667970402570117,-0.23580567597895064,0
3.8464805948753655,1.2415138967349237,1
3.0169225185741513,3.716774179402328,1
-0.07456867304155351,-1.2780627300693956,0
-0.11209117364344122,-0.40702775492926613,0
0.1705669257838608,-1.185288025077988,0
0.8973649190903603,-0.17175429045371848,1
-1.3830300000481204,-0.8170884952410093,0
-0.02269438945068219,-0.5253797363415992,0
1.3343057191694074,2.155226078054515,1
-2.1024693903881793,-0.434699123052449,0
-1.6921670494202459,-1.8077920400551324,0
0.17493653432289002,-1.558184587193042,0
-1.4912071616575615,-0.8517544344490287,0
-0.2719411118722425,-0.40092182618733324,0
1.4998021198804121,-3.418684301384012,0
1.6518388218307094,-0.9520190591680099,1
1.9249024859559793,0.5884601202057853,1
1.4517503046285634,1.0959138439844598,1
1.0816803941180688,-1.1670370620609463,0
2.586610212142481,1.72707220636816,1
1.8931558406177256,0.20836887247545166,1
-1.2639819499905245,-0.8708722031045532,0
-0.982695690918974,-0.07087914226133868,0
-1.9776834042497975,-1.1676480767480664,0
2.9196758789360806,1.3211116220657697,1
4.375287057185358,3.5604313130118936,1
1.8309817779800321,2.5540315959663746,1
-0.6435819992260713,-0.7880966391121862,0
-0.708043112921898,-0.423757572344463,0
-2.933407412969177,-2.199845568744591,0
1.4585998785730623,3.985998605029156,1
0.7039750767495428,-0.257863020783657,0
-2.378483087660525,-0.03041621595112065,0
-1.7263336043664514,-1.4929955757654505,0
1.8358281904953724,1.5379100669105399,1
-1.5365228615022553,-1.613232322319985,0
0.6167191590874345,-1.6804928933606753,0
-2.7872235041966587,0.37414546101457036,0
-0.8369640094920023,-2.405560966994699,0
-2.0630383778226378,-1.3728171916100922,0
-1.0501208213214166,-0.16558037378092805,0
0.18229062712836608,-0.7288773069957859,1
0.7685371245047808,0.7336508039063019,1
-0.2125034628884242,-0.7220791548302328,0
1.928129983474826,1.3353271215119678,1
-3.3166331718516555,0.3867253173485922,0
-0.72649141094369,-2.028139606482082,0
2.884145267918086,3.38455645285378,1
-2.1289474963207766,-2.1138504848621196,0
-1.0859655854547032,-0.1271600049247452,0
-1.8692557903960694,-0.27434643307302703,0
2.2610285460608326,1.2703872331814554,1
1.70539736477102,2.843624577712692,1
3.7756521828662155,3.7642411469388075,1
-1.4770702628671286,0.16515452857083107,0
0.7345261545351915,0.682888170174766,0
3.0814250836489276,1.8359879405846773,1
2.9031414937591244,0.6906149672879351,1
0.863798018440525,0.14405866236228182,1
0.7815097376510733,0.8217304525030367,1
-2.059828978978673,-1.5388222416827886,0
-0.19598177953658885,0.48737283101868545,0
2.223257837871815,0.3425425304993505,1
-0.8507493072304404,-2.1936404750669656,0
-2.6178930426105866,1.4863483827066677,0
-0.6870942768723509,0.7344911143268029,0
-1.426509371332158,-0.5108074146004562,0
2.9320821474565384,-0.18027183203810515,1
2.541359956795933,0.07288869731665704,1
-2.1139820979976913,-1.8967026580406035,0
-0.1510699002303919,2.4187383652053525,1
-3.119183150918664,-1.5424854087102444,0
-1.7833774677711278,-0.21871381120349312,0
2.5077539778678712,3.669583735633214,1
-0.39390396056434207,-1.5839272175328238,0
1.614457436398839,2.8269408529503766,1
-1.5452834049364468,-0.22880185405742354,0
-0.49670698395778257,1.1079937778381153,1
2.048780994223622,2.5491163480981944,1
-1.453030869088396,-1.4258764006475302,0
-1.5266900017949276,-1.0322021196025326,0
-2.4973195720035894,-1.432727851110365,0
-0.5116505139658448,-0.111019637872805,0
1.5082471121356793,1.412812573733384,1
2.4614052965767312,3.2317761812003165,1
2.6683797826419395,1.664137311347485,1
0.7089003935098446,-4.090041679421164,0
3.3766657454852327,1.7917318945039369,1
-0.12694846669845133,0.8022036462925828,0
0.9784466036335143,0.9299821618094297,1
-0.7799897862725031,-1.844792530220471,0
2.4708208803508005,0.09756238369597026,1
-0.09429434344822027,2.3494520524995846,1
-2.7233691528633877,0.5459626733094644,0
-1.476180358872293,-2.1487706579712347,0
-1.396964812687139,-2.089524324099041,0
0.7938672411660643,0.9277997628633018,1
1.6117086599102797,0.7783457144442059,1
1.5327626333218114,-0.3760489702099901,1
-1.8149316658630361,0.40178453865571995,0
1.026977130618561,2.4207826770036944,1
3.4193303022219776,3.2798382840445064,1
3.083150010070181,1.944437971658938,1
-1.945121461689515,-1.4748864595229083,0
2.8696488994545657,1.4328836148025157,1
0.986087273046763,0.9877183474593825,1
-0.32339292148280924,-0.14081629055821698,0
0.08105003263273969,-0.16797563772782342,1
1.8706663267213572,-3.707771235543155,0
-1.0265741318713664,-1.120437121148004,0
2.1738954063171514,2.0927232043416906,1
-0.3572186075789222,-0.5958241590857447,0
2.1420806713122733,1.0158790848757226,1
2.1057335737638483,0.7386745956609387,1
-0.3713944900837262,-1.9126320916407438,0
-0.7023398039191489,-2.636664382159248,0
3.533402719695443,0.9869516516434539,1
3.376943164507697,2.5241033780092743,1
2.6775349740357592,-0.9965620240562828,1
-2.099796332106397,-0.2073889117773176,0
-1.732935944615063,-1.0912351757222523,0
-0.8869453076815599,-2.743310595724962,0
2.5529224695959316,1.1335803213580327,1
-0.6246588372617394,0.8440832632642472,1
1.2577643401140235,2.3897451855463028,1
-0.7799906605495168,-0.10229079833177673,0
2.7955224083407977,1.2576633635113486,1
2.703875300370026,2.3529451529458254,1
1.129306294927673,-2.618696457613912,0
1.3644695214605738,1.7408040207094206,1
1.661732641988501,-2.780546201348244,0
-1.0730724285981512,-1.3911636240329979,0
4.032565390194046,1.6166407227870996,1
-0.8435162177009401,-0.829792335636129,0
4.148875219359375,1.7736135212158315,1
0.4706740997297607,-1.9059039755955793,0
-1.8678560074152866,0.13708975032400045,0
2.5157040049782355,-0.6733369935699964,1
-0.9978241372150944,-0.8325816864780999,0
1.936439316247029,0.7997995149227286,1
1.1169451575244467,-1.5074343594142834,0
-1.2184090275930872,-1.885152996077752,0
2.5886175916890606,0.6565637007018855,1
0.3779305549591634,0.09809574337195404,0
0.5512067314051796,-0.1969966114311959,1
-0.449014484563822,-0.7095815524407199,0
-1.2133907821676009,-0.7589356163521543,0
1.3231612946678375,0.33292185892119724,1
2.4507757624948323,2.231968443224889,1
-1.2985149091215142,0.6982527249888002,0
-0.9967546206736282,-0.5764237746094438,0
-0.8218986172790221,-1.8911945866296513,0
0.6041300890727154,-1.879686195276628,0
-1.6553605696553417,-1.1184846755035127,0
-1.7223577802909404,-1.311339050195959,0
2.7942565171618186,2.9000514273734126,1
2.1649656426729638,0.7381940358234899,1
0.7566458842690378,-1.2707267524152068,0
0.20679538264608632,0.28179637523585366,0
2.3932055657080857,0.7696842816587129,1
3.105879371455714,3.405015836252918,1
1.6697573668283232,-0.7960638246081856,1
3.9952131405799434,1.7270013729436478,1
1.8973430311253634,0.7089619898794881,1
-1.6022604038320776,-1.4395526748522394,0
-2.393901236195795,-1.1221473844474268,0
2.9730925938985266,4.151421581467174,1
-1.7077807905331572,0.8139068774559965,0
-0.5392448510741302,-0.9829408077476447,1
1.3772410441308487,2.6125723435167245,1
0.19687581998627293,-0.5547669698543723,0
3.338709727414847,0.8291801396708611,1
0.32984156843863244,-2.4525051260650974,0
2.357620937835317,3.382357199937279,1
-0.8350778413803146,-1.7117795301828698,0
1.7359751413618487,2.8158345025122675,1
2.281738822679819,0.48662048493881405,1
-0.12708329615723432,-1.4235007174789374,0
4.149573896138365,1.7613327157638743,1
0.4489831733895695,0.8127112135712555,1
-1.7047178332374335,-1.6207974741505582,0
1.085014084323329,2.6037123828318425,1
1.9165207910402855,0.03423361292144245,1
2.563707342640989,0.6952046514256991,1
-1.7627681534986448,-1.4340905825862362,0
4.07189814884771,2.106997146029082,1
-3.354137583212089,0.5950405084268071,0
-0.9119535368755594,-0.797003064804575,0
0.09596418321133393,-0.10083398730328252,0
4.346871774100381,3.399137317236695,1
-1.9094295046537497,0.6046682274832357,0
-1.0657531862416019,0.3728113263866961,0
1.4429344902649976,-1.1511488884880166,1
0.40348178077857155,-2.9965456434359794,0
2.5978065989643104,1.657736825109794,1
0.20246498454192707,-2.169794497144861,0
-1.9410757686031306,-1.5697278839269555,0
-2.0974187889360474,-0.6332602256447222,0
-1.7685407583823627,-1.401684537953209,0
1.7919686110794104,1.0534784132225528,1
1.2483584709430975,0.23284369268701632,1
-0.16496685092695196,-2.0901423723212735,0
0.8038446415796234,1.8681666621113833,1
2.969403243036236,1.2766641213042635,1
-1.0806005694619438,-1.7242920384604066,0
3.1283770366194705,2.4537365630455357,1
3.019714687661887,1.5764066880927932,1
0.44106111682822635,-0.33023714920737857,1
-2.309686167356855,-0.5212531671697831,0
0.024997911324730615,0.5680474996495009,1
0.5007295834359444,-2.093496405020982,0
1.7401659126677256,2.3530213878825603,1
-0.4497951461647748,-0.0010631757109466622,1
-0.3727592029792783,-3.483108351259903,0
-0.4783981934532111,-1.6173657493162423,0
-2.23685883294101,-3.301632283724209,0
-2.42261568479384,0.6531471672731558,0
0.24078318681216238,2.0893741021076044,1
0.9891465635986083,0.7095072698001733,1
4.4519409290635386,2.122419553614307,1
4.346497295010333,1.9834080050044731,1
0.19759540603255954,-0.4022782376134273,1
-1.1977323484203866,-1.2609820660159372,0
-1.3995552356883225,-0.8707202657814022,0
4.1426803166324735,6.10332134593389,1
2.1252649485516026,2.1907463500877733,1
1.6829944515446054,-0.0996204089710887,1
1.8578484047595443,1.6854703156758404,1
-1.5050791873743714,-0.4947230960837834,0
2.80432460037478,1.283270145418099,1
1.6429590619290577,0.7571596067831138,1
-2.0956339206364287,-3.2224501952593068,0
-0.3740866159055636,-1.081612904315802,0
3.8734825497451566,3.099828133006633,1
0.9300580021411543,-2.2605703327696016,0
0.8860840546026104,0.5255823364700088,0
2.9279312256034453,0.4208430337263096,1
1.8884795006760124,2.8890227130563857,1
-2.125173023572779,-0.8603173254719942,0
-0.045166528941870676,3.506040051360146,1
-3.255960236994289,-1.6406512635922983,0
0.1611888711514775,2.0960423713361536,0
-0.7718027685456778,-1.595392147878366,0
1.027339628190796,0.540111285155964,1
3.324151300520152,1.5749798867248814,1
-2.3331588894408077,-1.1681100202533694,0
3.632434719292251,3.01045821197186,1
-0.9681217493509761,-0.7121072730249765,0
2.7129583108409125,0.9815724983918374,1
0.1754326644651616,-1.166997051700748,0
-2.963099599738742,-2.1324564529442327,0
3.1613852824674895,1.5204546151145315,1
-1.1317041512378576,-0.2848370775531393,0
-1.6731575935546932,-0.6362488569013222,0
1.0276623141736378,2.690661085200598,1
2.3988117515684615,3.2746206116359167,1
0.7430383989972502,-0.05681680513294683,1
2.036402547961178,0.56688655580853,1
1.454623735406223,0.017070079408433525,1
0.799967586340788,-0.5541011439887285,0
-5.434676843604302,0.45170795822311016,0
-0.6663021521935373,-0.6143507644640824,0
-1.4942270005470606,-1.1306776060021932,0
-1.1002386767992498,-1.1976308851195092,0
1.705275239818739,1.1214217592951041,1
0.11621822883446176,-0.7732386798286002,0
-3.146891678321743,1.7026075752021264,0
0.36727919744175513,-2.353231958027743,0
2.8765517724371636,1.3487410993890057,1
-1.8361783519195272,-0.02142310969815986,0
-1.4536123700792263,-0.4656026338433288,0
1.5760638392277606,-0.8072566025343271,1
-1.9550011431019487,0.6104555755493049,0
0.5618527702928874,-1.7842937586645997,0
2.668584854685883,0.23287821970150302,1
-0.20955804585049076,-3.0959698536590117,0
1.0782452783943148,0.9641281001598005,1
2.1986412433860774,-0.5070504691568677,1
2.8423812252336056,2.456452565664211,1
-0.6960294956547776,-1.1449701841045696,0
-0.49564052433420996,-2.3532715586124016,0
1.0685894496966541,2.3546454000306127,1
1.6730857682781288,-0.043263427368998575,1
1.464300398321885,1.2380836276630112,1
4.261658091749727,2.140350602856166,1
-0.4318791386745086,1.9765947988046713,1
0.6584946421908494,2.16566967314285,1
2.4732887729359665,0.8009567368233713,1
-2.985766346471816,2.4850189477848215,0
1.5767561665313794,-0.8683247875939604,1
-0.24727591834714113,-0.23595591130926558,0
0.6956530637174332,-0.09459458110626917,1
-0.6840767613724679,0.008241792080559751,0
2.793230606691807,1.4432174610526012,1
-1.7573347503071366,-0.3778820687657788,0
-1.5497584264284747,-1.8177632702259867,0
2.046103388936526,3.3477454071094304,1
2.3677892979059205,-0.023201673127013253,1
-0.5148762476248452,-1.8130925645951816,0
2.5765178648314007,2.836722007254281,1
4.334963327981565,2.022635488263954,1
-3.490412399447245,0.7696682355640865,0
-1.1965070770103399,-0.6716871307088672,0
2.081328896549006,1.8808961276930436,1
-3.7569740847911475,0.8977716752015491,0
-2.1017892949120345,-0.13616951640048347,0
0.9613136641926732,0.17711072943870265,1
2.2311834164653104,1.1460668989517862,1
-1.8880386988358997,0.04835685994732336,0
-0.4255102108589534,-2.0423970766868544,0
-0.09132615557324936,0.28918683657727096,0
-0.280783110023421,1.6753817084616562,0
-1.1436075737603484,0.1162408752815044,0
5.2308635004191215,2.3945934442781005,1
-1.1847630942597647,-1.4719417717398884,0
-1.2301763447571812,1.3172975737207728,0
3.870272837270188,3.2159237637781537,1
1.7349925654583456,2.022449817894573,1
1.4213086762869582,0.18859120619753322,1
-0.8264531571386755,-0.3322202866178116,0
1.520369658314355,0.26425173704060506,1
0.38498107374823254,-1.7106777283216976,0
1.0506669159177684,0.6040107148016091,1
2.8420883568266477,-0.017961174259046784,1
2.876185602846956,0.8832272020675488,1
2.0469548422001846,1.8018894823015874,1
3.4672994065489924,4.012732808308449,1
-1.1867270482242314,0.17097501574181417,0
-0.4516626955055182,1.1845645604573667,1
1.608016384031656,0.4302531843188675,1
-4.332313545274332,-0.06207010302938187,0
0.10413455027454566,-2.1543972271279475,0
0.8410810731807696,-1.1449459410031313,0
-2.583146408997764,-0.2651543750576163,0
-1.815638923639286,-2.8301016037138336,0
0.6868080851255398,-0.8824421814828943,1
3.637257309055479,0.5571669123256551,1
-0.8344001359996944,-1.6924627030992294,0
5.1251375638234045,2.4437351303312993,1
0.9901662551190098,-1.767043542917492,0
0.2160996327064794,-1.1647975048376868,0
-1.0228122563157478,0.33738062991217943,0
-0.3500778125022839,-2.11346638264907,0
2.3290231286319814,2.2436441435907972,1
0.50639293977144,2.0302030794985346,1
1.1657674052997995,0.7118812762253934,1
-1.414384325301164,-1.451681605412423,0
0.8375330910760337,2.6613762752434633,1
1.4816824264420452,1.5401246492018923,1
4.0753231012037405,4.32177361808688,1
2.9499341591173187,2.7739216872775083,1
-1.3068348287972131,-2.536528727297819,0
1.7942916334641474,1.0241608854229387,1
3.0198674307140383,4.187965913149015,1
3.4880946442520275,2.324272164177504,1
1.2719184792547151,2.278129341728857,1
-0.4831300149538502,-1.3475052111236598,0
0.1293251616815534,-0.08736616748490131,0
4.341407999032768,1.8216657098638784,1
1.3627030947610665,1.4841723941322487,1
-2.250006431253497,1.2896539290277866,0
0.04670672350745947,1.5350614924981723,1
0.36605568614623313,2.6380148446119076,1
3.2879263062427193,2.2117909045879443,1
3.7397196069808176,0.15306561416681874,1
0.6003425610879475,-4.055119362790125,0
3.2246013924112704,0.8226560159316627,1
1.8817830549875727,2.1360351018916353,1
3.2648806280878846,3.852642207133518,1
2.125872485636418,1.2384400288170436,1
4.4751867006376065,1.9956500128508656,1
3.8145906373068357,3.0728317680645754,1
-1.8836144667423087,-1.2556304241818348,0
0.6362610255896504,1.2124149955692993,1
-1.007095871013393,-1.662428772022487,0
0.17059845664556716,-0.4021890752880162,0
4.409848729323273,1.039961964619669,1
-2.442525108419285,-3.216145584081466,0
3.0876093076379796,3.428034695980492,1
1.5651817527167642,1.2245638922855384,1
1.1912877309716858,1.6545779065911363,1
1.8963481122765995,0.40243750979464354,1
1.1049558891606217,-3.1206293767846063,0
-1.3409330572654743,-0.18528295280436197,0
2.0335773873399527,1.694793372936319,1
2.049747558283296,2.9248639664721896,1
3.2327816539162986,2.85250402109472,1
0.3621733250410673,-0.9074656259493685,0
1.6949407708237203,-2.930432495275704,0
-1.6655447750226413,-0.08668446927183282,0
-1.7006270219711268,-0.2567132282063159,0
-1.7652677897764182,-0.4648335128638128,0
-1.7876759677545766,-1.6132851964240302,0
-0.16495242771499818,-2.4473472383349413,0
4.424968722365323,1.8738384249047708,1
3.756977411699559,3.7490232421337155,1
4.57297005043103,2.0112907344094486,1
-1.995877703808755,-0.5842697977313522,0
0.8245488496077444,2.2025039114373213,1
-1.9466570502746843,-1.9735116315656946,0
0.8570306297619258,-0.5352598412534044,1
2.1815467580271064,0.9465548128275891,1
0.5075634891094261,-2.1313992719082306,0
-0.6847884013460497,-1.3718388972336375,0
-1.373465860554282,-1.2527000756810611,0
1.7138724555874467,-0.3366038495775772,1
0.22198089971431995,-3.428300880819307,0
-0.6636747782318577,-2.0632435683923473,0
0.9737297833353001,1.8915958800506698,1
-2.6765102210604086,-1.051431917605051,0
-0.7096170821123287,-2.3894655807947247,0
-0.27042302520510486,-1.2677824374553233,0
-1.3620573367712452,-2.2273173424483215,0
-0.6904626519447508,1.917589328945688,1
-0.7873995655176381,-0.1150206901972374,0
0.08060766482048504,-0.6105881295932614,0
0.3994487853490971,0.5832274565812915,1
3.104406794320453,0.4536909917513845,1
2.381661083058056,0.4960183230464179,1
2.163232901058904,1.4463452109876105,1
1.5601094016597639,3.682526438537975,1
2.5670311185528423,1.8765580333711116,1
1.5821229704609363,1.2182387733044577,1
-1.48971228714201,-0.25591909754968833,0
-1.1342593658391205,-0.48320904584238844,1
0.709214539989038,-1.1248352271583917,0
1.7699489057715128,-3.9024695673072984,0
0.6702525854135476,1.4368350858846495,1
-1.7616868744889984,-0.00565714848387143,0
1.095170703974066,0.07427583836099555,1
0.7978093537058593,-1.851859232486557,0
-0.9031308247651877,0.4544419869796678,0
-0.37723781651381694,-1.0886077444030282,0
-0.4077005453735323,-1.353232146619172,0
-1.8971389701839163,0.9863459730154436,0
3.1654207397906577,0.7817795637623722,1
1.165262422424746,-0.17047856695679559,0
-1.243093192222768,-0.5845114335064546,0
1.557238870479348,1.1345694002483007,1
3.1109818118116137,4.6053376717993695,1
-1.3839444915839505,-1.5908291103416476,0
-0.9100162046862774,-1.8170200853301002,0
1.1984382791787458,0.3913054966217918,1
-0.9838991314211112,1.084436514481977,0
-1.0466050340424482,-0.49590741565475727,0
0.1804622168949761,-1.3252656307394508,0
0.7855054197995687,-1.1533917698405636,0
-0.9891111368837417,-1.5663921503199059,0
-0.18320833061836983,0.3998537659721401,0
-0.6661867756995529,1.2603088429666323,1
2.5475957417595505,-0.2974342943165228,1
1.5697717708941759,-0.01635963207412061,1
2.9927991689195035,1.941022246433823,1
3.5860880113457885,2.637194429422972,1
1.978225751973996,1.4034321189943961,1
0.19325993143398806,-0.9371035317280372,0
-1.215725875458083,-0.8426885127509249,0
-1.8575430514969429,-0.7522691167883543,0
1.7152365277872077,1.4466927733752435,1
3.4070388254202517,1.5608679031293586,1
1.9842653689858905,0.3163126397396834,1
2.287939686123836,2.045772472273661,1
3.2804573595338886,0.759990186533894,1
0.19982363790564706,-1.2531439440754593,0
3.1057544809698316,2.742622058811933,1
2.4507079432048897,2.3929645334796574,1
3.108818838476153,2.009763713710469,1
-2.196226460694806,1.7569303403115464,0
-0.09847390462936434,-1.8885268783835145,0
2.9863510253680876,1.9937476573794548,1
-1.5933092564168971,1.0777156896038866,0
1.5076718279888326,2.49375709644534,1
0.22478211380853763,0.8760552736616314,1
-0.600835810503156,0.36768416850510266,0
2.3876465375079503,1.8738365464472306,1
1.738107672873619,2.21691816635225,1
0.2022435675581031,-1.777143170086794,0
-1.9388678961512074,0.8303226543775766,0
-2.9650611519772934,-1.3060789462204188,0
1.4029648557995436,-0.8149351646901382,0
2.2881888649366617,0.4302330973640395,1
-0.6293342254237736,0.07758549028982842,0
2.569895267716273,-0.3965820937898059,1
-0.8534173308299794,-0.009782654187838996,0
-3.254373094814606,-0.5405260221913527,0
-2.007345959934631,-1.4907253401963445,0
2.3430723054402196,0.10438305222807166,1
1.3263489041017005,-3.1733912149569683,0
-0.6224860135469847,0.17183479190835627,0
0.11687126411269377,0.24214149773449048,0
0.3336629347136052,-1.259562098929425,0
-2.0231367095936816,0.9828755515995877,0
2.0571476256964756,2.885985753439047,1
-2.9727966966910144,-0.23165303593774716,0
-2.009879935225659,-1.1403447584877089,0
2.9156960273113097,1.4313926611604655,1
-1.6337487422935064,-1.556027181437627,0
0.6924782997148858,1.2026879871445662,1
-0.8166613410992294,-0.9412499667149937,0
0.7604938208934484,1.8106630644262276,1
0.25121697418861344,0.6266960033021789,1
4.308076002128783,3.3063096659324787,1
-0.47257461526172095,-1.0676223097174897,0
-2.614846257778047,0.2164845103724672,0
-1.0544368366946393,-1.364966977977374,0
2.8037590333153672,-0.9800219094787567,1
2.126238386198496,0.8486312528603793,1
5.222160517777275,3.787912170932047,1
2.001026250071715,1.8559282900283909,1
0.07955325284919479,0.31631203636058236,0
1.501516412259335,1.6587644726737996,1
0.5390536276648227,1.0079931733433456,1
3.5171191031632967,1.9781437608697277,1
0.6410468646820552,-2.9075300871756045,0
3.3788547626090786,1.6372034091466454,1
2.4970368706501413,0.437842077351027,1
0.9097503218213242,1.5195315829581757,1
1.188413814059849,0.3741710791639864,1
-1.747873714778774,-0.9663332068687565,0
1.1924505596948578,2.8932850576404396,1
-0.6848862987087219,0.16811271712488476,0
-0.3347783537516941,-1.2933936894193128,0
2.400488634383974,3.0011718467570914,1
-1.1631502996063112,-2.5684153278645674,0
3.124122498431348,3.443831662769431,1
-0.3063951239929805,-4.564637816331075,0
-1.399864165025756,-0.4941509807382173,0
-0.7275146330122564,-0.6841288074038937,0
1.8464098385679795,2.034436226097012,1
-0.38436401786819874,1.070065759311189,1
0.33417544710979263,-0.17831183195014388,0
1.54181573618244,3.099576712966304,1
-0.7565307899926552,-0.23716292993113863,0
-0.49032007345935824,-0.7951877337354809,0
-0.6940607117216818,-2.9431829983855144,0
3.35688384530052,1.6089685376484502,1
0.21932199751865494,0.0014702974124705115,0
-1.5990883481557336,-0.9558038729991931,0
2.3853071957377474,1.7668300647997055,1
0.4158027873833634,2.0061553638743694,1
2.4207524130429494,0.219558702312194,1
2.038967330504128,-0.7511878026165288,1
0.19030102974358745,-0.2816120754088337,0
-1.2651913722388022,1.657019594106468,0
-1.095893672056049,-1.4052442150138247,0
0.2091312900806514,2.8660567826715715,1
-1.7062697460688483,-0.06664562773850527,0
0.31818803205557966,-2.0332004625803966,0
2.8717551318102355,0.8641315971899683,1
1.738823514378729,0.864772012197377,1
1.6657932589103226,0.4602510244242016,1
1.0941984445733233,0.7363762347586769,1
-1.3748540139306216,0.13459605957555018,0
1.5495551493436037,1.1865773982807832,1
-1.8751606659231062,-1.8160690204897092,0
1.1695090698791701,0.20708372240694017,0
0.4759295282950639,-0.15401052661320302,1
-0.9634989478030824,-0.2495255788642967,0
-0.15627783463421804,-0.5313082103886652,0
-0.3209415415950585,-0.11525307101866032,0
0.37676250494309743,-1.1273114674935445,0
1.1650006439182752,-0.1074250755305054,0
-0.2130117863106602,-2.4502765478785693,0
1.7164155779831587,1.2352802956326365,1
2.763743184974565,-0.8113871357742577,0
-0.04720555935847076,0.1844192641210048,1
-0.6715699225535182,-0.815720581525222,0
-1.8100726181424067,-2.670528955358877,0
3.015349886994049,1.6903761044853658,1
0.12365355145247436,-3.23875828717048,0
0.26936364533166096,-1.6118892662594564,0
-0.8696812223728081,-2.145236587449317,0
2.4804937587883686,2.663459401161085,1
-0.10714859826666512,-1.968797771005565,0
2.02321194894424,2.3665126746264105,1
-1.5288606446416086,-0.6067076111083667,0
-1.702530851361782,-2.34707683823803,0
-0.5822261521608224,-2.6486969689678865,0
0.5180539249515561,1.497176248711272,1
-1.081292477690879,-0.8255896167928067,0
2.8193929674087537,3.3564971022249765,1
3.2100561157821366,0.4770851538295662,1
-1.195531613274106,-2.2051187773527334,0
-0.015898075744641527,-3.914059034030098,0
2.7039580799588405,2.655023349486929,1
4.481876984834385,3.8887395156135933,1
1.9047191236906251,3.5066260216726053,1
1.4035252538358172,1.8465314009183755,1
-0.7660436325700518,-1.979310393750709,0
-0.591506247737199,-0.7211875550614089,0
0.7451229331900421,1.403173919402767,1
2.4217231641368357,-0.45651956727795184,1
0.6672229131964306,1.3039149958332044,1
2.617179609830853,2.67700206749866,1
2.059816326267378,0.08892075206965622,1
-2.2410155681504556,0.626284864867771,0
2.98595605314315,1.6451943303632568,1
1.6012900167307644,0.8030819977621921,1
1.3038395789254524,1.9863275206574107,1
-0.19258961037296432,-1.8630103175677601,0
0.313669881354207,-3.1702176370846824,0
2.4621759816022806,1.287768627594367,1
2.2237161470705633,0.5239710998468614,1
-1.8794562942256792,-1.1349339527793576,0
2.472406420079242,1.9332813999506933,1
2.837127417591055,0.3056344724663068,1
1.5180681544167105,-2.1263549032787177,0
-1.0223765949870338,-0.4277179708006863,1
2.996185650940065,3.709550019308272,1
0.19962982944225705,-3.2063076134734136,0
1.6197371388666282,0.8721206296567382,1
0.36184565148274594,-1.3784426488733452,0
2.4194708415918194,0.4331192304858249,1
2.96463136406201,1.5916608242828525,1
1.9978127641956176,-0.26128556405746617,1
3.4827982243808853,2.1104334204111996,1
-0.2789379838128121,-0.2897127189384245,0
0.7818284601492754,-1.4623081014053647,0
0.40703662868315504,-0.9418750847663919,0
2.2590023246194315,1.940898164346005,1
-2.7031448150372173,-1.0352198148335072,0
0.7822889548106644,-1.100540289821241,0
2.584169847237561,2.2387983751415472,1
0.17886405784884818,-2.084005124974711,0
0.4544713856122984,-2.5067553093554054,0
2.4249878713307544,1.064358770458393,1
3.0190809384729094,4.617990580284588,1
2.3232361290921224,1.9859964167911408,1
4.395426365188046,1.971547080848212,1
1.7103707778640724,-0.34098443262100075,1
-0.685112132560383,1.2302701604769344,1
-0.9346060028520744,-2.636444606639404,0
-0.3444271275378641,0.5353350780593493,0
-0.4986104905293397,0.34721710241244896,0
0.9832179989903664,-0.5874764245400479,1
2.3520578684382203,3.2092704722652132,1
-0.6786494149542323,-2.6958031289030044,0
2.16182326164689,2.6817737256264738,1
1.6822252133900755,3.52686359834532,1
-1.8253785944837722,-0.7354156397938716,0
0.23908712345372696,0.12283112355887768,1
3.4737413193626314,2.917873343065501,1
4.636056878532497,2.386343123185088,1
-0.9583565820578623,-0.6085272215289373,0
-3.205643379436226,-1.3388400806200649,0
1.3512427929726822,0.5747124170441373,1
0.04733692330829564,0.20521405592706032,1
2.6118046764375777,0.7989743145159443,1
1.2014027193131152,-0.10569842688624798,1
0.4332779741682422,-0.8475100006367225,0
2.321069464113937,2.836928200368547,1
1.9328124829785032,-2.302736813598648,0
-0.19883121626174532,-0.19225391829332833,0
3.2988908456113872,2.2949954466854066,1
-1.0323646545496254,0.43399257931898483,0
1.58466838813843,0.16094032752946985,1
1.2083183840458274,0.7966539781705113,1
1.4409570534272302,3.4343545925943917,1
1.3431136642268133,1.914636059284412,1
1.8709629077173169,0.6414334003306903,1
3.0568411728199254,2.4523677860427093,1
-2.551197950653424,0.6033495375511537,0
2.700289172242107,2.562252539836603,1
0.3335307143163092,0.44141658584577614,1
0.7697437386484596,0.1737091475122532,1
2.1327972516297526,0.3176929098594954,1
-0.984017336868598,-0.8675196666983486,0
0.6576190652319011,-1.0188719692348374,1
-1.5461548545796937,0.04246497283001771,0
1.549598702690549,0.8529464272680001,1
0.20635481796240424,-0.4219629591750444,0
3.332844011858509,4.088422894486681,1
-1.7851172552990504,-0.8469249584548186,0
1.581271053197689,-0.6115865178019996,1
0.45262243922475304,-1.8064854411997486,0
-0.23757813400123345,-0.5624834239565195,0
2.1846956990691186,1.2329019816739697,1
-2.4132454506949172,0.887025743750438,0
4.520267793105588,2.21959070100046,1
2.6823152123481235,-0.28562219369731406,1
-0.23453517712861127,-2.070137816936216,0
2.210899650761602,0.6281350582451626,1
2.8281816423147936,3.198943584056606,1
-1.875538776006078,-1.667531867954393,0
0.6716140053506796,1.7546337084398977,1
-1.6149494816194054,-1.5221297153500815,0
1.4847158503466436,1.6041103217810886,1
-0.3334099025989127,-2.8681667508702122,0
1.5727004127470856,1.821763945402513,1
2.348431154132806,1.7728290064441523,1
-2.617814608462284,0.7768717460470385,0
1.1811387686814885,-0.252427508793972,0
0.20519463399911686,0.7249975713473886,1
2.2476987431998143,2.2636537561919905,1
1.0804470605195988,1.3032374605331194,1
-0.9187247981979901,-0.516964497121559,0
-2.194408154117118,0.5345426062777446,0
3.1210613603288246,2.313376917928782,1
-1.8503898770043452,-1.2249333972694423,0
-0.311190335215187,-1.84637781106497,0
0.942999648831208,-0.7566333105434058,0
2.4651987935002433,2.0876587190920297,1
-0.7845028642335068,-3.3640301834696884,0
0.042641403797026356,1.3018347685120382,1
0.5446800382988652,-2.005634337076158,0
2.796183473050705,-2.9863183254874355,0
1.232687625737141,0.7675534389673335,1
-0.020905090639841806,0.3393464471652953,1
-0.903372789791011,-2.968353396329364,0
1.7930821130832562,0.7587616517354221,1
-2.454634352339816,-2.244071926982437,0
2.0284502497581838,1.2610826371399548,1
-2.2604758007413257,0.45889025536670114,0
3.0143057470395886,2.1867636417348164,1
-0.4780976287891261,-1.842366620027799,0
1.273045679832173,0.23408036038155186,1
0.8170037113883858,-0.9460083333378542,1
3.4047572648291835,2.8004628480862466,1
-1.1044443112097628,-1.0946449232983142,0
-0.3048518042910142,-0.9648043520554175,0
-3.469438363690953,-1.0809119352916912,0
-2.353855254378106,-1.4231928144500952,0
-2.574436304391516,-0.5651103854295743,0
0.7819119844452769,-2.216969022762768,0
-1.881547562780966,-0.5576889563797127,0
2.8700261279873125,-0.3760294096172434,1
0.8099603705281423,-0.27157864532387505,1
-2.665356976529166,-1.6540114345945565,0
3.1749675199472627,3.976126473052866,1
0.8367366823387805,-1.3688497599693124,0
-2.5978244404623303,0.13178084918637428,0
1.582200504406657,0.5909312947548524,1
2.7269639131815833,2.7483237343276232,1
-1.0068465253900278,-0.6808153477395295,0
-1.5348784790022094,-1.3936688639548374,0
-0.21911231376025225,-0.5867437240130825,0
4.166725240076431,2.5175522412247964,1
0.9672961480112826,-0.22882930421992087,1
-0.16932151058919687,-1.749859044297273,0
3.876118128887677,-0.015101010312349783,1
-0.6161191877831851,-0.5797593288161105,0
3.4349459073184585,0.9756096274580283,1
-1.4297078977223545,-0.23136720946330622,0
-2.1548284620497804,-0.4958470343297975,0
0.8398422827141808,0.4163686499125999,1
-0.41155586290124346,-1.9317989871062324,0
-2.0940949290065243,0.20463694566611457,0
-1.6549813247089595,-1.9292043619956414,0
0.030028689684788334,-1.3722461393284462,0
-0.5215684912399255,1.1392273843740526,0
1.3136181224531724,-1.0386176262508515,1
2.9635647522477266,4.044902876946073,1
1.325126692494635,2.2238432301939004,1
-2.2452436378375658,-1.7191846535803363,0
3.782210804394652,2.9120348855393936,1
-1.3259937225605833,-1.3105769505725169,0
-0.10508596217967481,-0.6720268877905716,0
-2.7127504891151215,-0.3094666483905968,0
-1.6111787555717616,-2.2250192667760444,0
-1.4506030958814236,-1.7271294324562885,0
3.230246570965992,1.9925754631375296,1
1.4394640141163118,1.6131557958094416,1
-2.745617039497442,-0.4614302076857778,0
-0.4315544103505008,-2.3924345545630583,0
1.820665845009498,2.3789328955832634,1
-1.3263706532164234,-0.9816149400506347,0
-0.810106752202665,-0.1798265955793757,0
-0.1504312302855551,-1.9943333960221263,0
0.20793626067325355,0.7223311875800268,1
1.2330794864188723,1.7674387996385899,1
2.4912121899792803,2.46633024855704,1
2.050158568405607,1.4702544648749953,1
4.616090697319053,3.2360089591800056,1
2.3982845620623,3.0633324805239814,1
1.3670778106564814,1.246164521941685,1
-0.48199539840891026,-0.6595035561588011,0
-2.135591865121962,1.541568911376568,0
-1.2626440544195245,-0.8955476620279306,0
1.0823432715869141,-2.1409505879069877,0
2.134022692863235,-0.5908447810094488,1
0.264163531694937,-3.2526940135324454,0
2.9785512628594804,0.9588191274230102,1
1.611613413439462,-0.28502210952257057,1
-2.2643737664911696,0.6023522004644407,0
-2.980773532742364,-1.3592750010015406,0
-1.862127250635416,-0.8130044722434567,0
4.443164737638963,0.9004991147259721,1
1.6037114501909047,0.19624623228677074,1
0.20197368895997525,-0.6503936225899895,0
1.0759235910349183,-1.241964621189536,1
-1.3783951078020287,-0.77074009710071,0
-1.5763857591493673,0.6131793788289482,0
-1.1765915100025324,1.3953620668560403,0
-0.47124686053055326,0.9068641811101874,0
-1.4319203549453614,0.18322185523632958,0
-0.8568505277703833,-1.3316250259002513,0
-2.3760339117452527,0.00912778168543138,0
-2.239480582725718,0.5939410296326306,0
-0.9956486274670697,-0.6296257852320273,0
0.2244798543323554,0.017990156753008968,0
3.766530342936331,1.948241472561026,1
0.9267109594463413,-0.3718880092725809,1
-0.8013264010464873,-1.9838358690941613,0
1.8000451804052695,3.2416052220220806,1
2.074762813703065,-0.20024078484954017,1
-0.9095492941104976,-1.8987725781510458,0
3.7598244046835774,0.7877208379236162,1
1.774792492092186,-0.24513087277718415,1
-0.030772736864317668,0.08353681635135214,1
-0.3172583044799342,-1.6079726778214136,0
1.696753163701141,1.9839373236264757,1
0.15104093294062548,-3.321257390992367,0
0.989175247030203,-2.333348704710987,0
-2.4757165376532706,-1.276316978401551,0
-3.6623957302068355,-0.9643620998035539,0
1.6058023159586803,2.230465953899956,1
1.4682603193990271,-2.380265917082902,1
2.0717013086719804,1.6955513708504064,1
-1.1319530667441369,-1.131373639834382,0
-1.5300833723430272,-2.2909179994441113,0
-1.872566833423745,-0.2514653030493662,0
0.8152676728892787,-1.226908931194552,0
-1.301303221159109,-2.168074253247274,0
-1.258159862522953,-1.3525132124395383,0
-0.10208617569876038,1.8729514692677718,0
-2.1751339403401166,0.07432482093166465,0
3.230972531294084,1.8703400029011306,1
0.15167977264652235,0.313630298874748,0
-1.111816463726379,-2.289781572642304,0
3.8597970558235635,2.8961279137011604,1
0.4873315253435657,2.6128094326097933,1
-1.7807459546451052,-2.668407007121696,0
-1.5250916973276336,-2.465889018867888,0
2.816699483726625,2.1198816827605436,1
2.0315598367513648,1.8811765623336003,1
1.4113338680256353,1.0191658070656764,1
-0.16648244907627452,-1.9484130865851101,0
1.7979450233329852,2.2952717186644516,1
-1.8663880115541582,-1.4409208130740576,0
-1.7380677484167757,-0.8657594892107798,0
-1.482131648869359,-0.36392459864265597,0
0.7927656290536013,-0.08224934847060639,1
0.9548689474651575,1.8074450174058914,1
-1.6921280507549152,-0.3418687538063299,0
-1.3760090997450645,-1.127797986717793,0
0.9326820506856071,1.6021235367830446,1
1.967245434862542,2.4595447403505313,1
-1.916840968585884,-0.46893893463984326,0
2.563948680176609,1.6842681574768643,1
2.5083516022487364,0.6614222994527257,1
0.6442984179667718,-1.1404919672134668,1
-1.2264060867735191,1.0961830470392986,0
-0.8406284031753576,-0.2563782216065562,0
3.6377538925829,2.9393758439509923,1
1.0866228461856315,0.3470135195161632,1
1.921946716170828,3.5033398884765465,1
0.451742338042368,-1.298503662603532,1
2.8582143115903413,2.434740793728715,1
2.103744979839999,1.4053713530678988,1
-0.14465822611864132,0.014601268340441398,1
1.3418212414125312,0.7471750251452455,1
0.9904372577065312,1.6879862608852347,1
-1.2861929852395808,0.04171261741694682,0
0.16183646576608263,-1.6678210873100137,0
0.589776889052533,0.7948310848714848,1
1.7285581223805095,1.5399781384037696,1
-0.6970257928321948,-1.8784908563322202,0
-1.1647849307333349,3.163380584235193,1
2.466490321318219,0.5745801936006895,1
-1.3530394304219766,-1.0041454119154891,0
0.6826288987596736,1.8646895427158583,1
-1.2572195906852472,-2.716732592777192,0
1.2097403980202714,1.1900487979784824,1
-1.2483337456362391,0.3271073537856245,0
2.226595551678036,0.0305722042715747,1
-1.905175627157472,-0.8392368157751791,0
-0.5480801788724432,0.19471845755362982,0
2.9288057845443816,1.4155277516693574,1
1.8094873237265985,-0.5143430986967066,1
1.8919550091715591,2.280693993211511,1
-0.5588980531097878,-1.5304755115032784,0
-1.6167128136460227,-0.8233033161151646,0
-2.4489552750452486,-1.2908170561412353,0
2.7163945348305334,2.890066828996871,1
-2.839554314870956,-0.5140547585525178,0
1.2106540360593994,1.2322961382897462,1
1.973230388027906,-0.6696886451468322,1
-1.0830724155071048,-1.0280372678209402,0
1.0656009510415387,-0.8885177290631125,0
0.6131213920559363,-2.5975623057575477,0
-0.8176599292361915,-0.39867597769077645,0
-0.33704214225843854,-1.3130238017935525,0
-2.444181745156777,-0.2800896610336139,0
-2.1893888013262455,-0.8521191474360247,0
0.6278358660655787,1.147198059768461,1
2.3054155183073473,1.8127446610677207,1
2.877515923220559,1.0015096117723346,1
0.280926885063347,-1.8273592537704877,0
1.6708910630470055,0.8515320074112184,1
-2.782817103003963,1.5205507969141638,0
0.6726440716792113,2.126943831944616,1
-2.0582087482122344,1.2093433563015665,0
1.451187353768072,1.4620278892952678,1
3.0306048229964007,1.319981499230958,1
-0.4183314732203508,-0.0267117279402595,0
0.7584030138102982,1.9965963015588368,1
-0.2126734189723859,-0.2871945653544963,0
0.37280798080247296,-1.5179335825945257,0
-0.7382869041073321,-3.2465408984490423,0
2.3931120294412858,0.3297558775605707,1
0.4212247735089794,-0.7486235722503694,1
-3.8016705144626046,1.472856534299987,0
-2.206876627167973,-0.9735215749382433,0
2.221638492240721,2.204132266323551,1
-0.36699984596045054,-0.9808755518076557,0
1.7620223762213922,-4.740216051598586,0
0.477013162559204,1.4861483460862044,1
1.1735405556728056,-2.1339307691519283,0
-2.3164366267005656,0.9730697486164197,0
1.205639887376516,3.099708449222692,1
-2.31155955459566,-0.3167366831061832,0
-0.5018562261149727,-2.0406958455082065,0
0.4469491104916899,-2.38898206421714,0
-2.641082338812303,0.5978069459577872,0
1.9430399119781532,1.6198708578720162,1
-1.385527608318561,-4.369268533256905,0
2.231232256770034,1.2545787102937207,1
2.158968968105149,2.5280405716005316,1
2.9497028325399093,2.1052228368698334,1
2.474491390626261,1.9527673081554786,1
4.079748165020949,0.11243606349587631,1
-0.6109483885524903,-0.6038762207905191,0
-1.801006646296615,-1.571039516981178,0
-0.7953583031538323,-1.6983473738525356,0
-0.2199189945359039,0.48411059032285286,0
1.5385735249206713,0.8678739977115835,1
0.6956501660947403,1.3232300723221135,1
2.3552478627104536,2.902036787527103,1
-0.5235235850492965,1.5672334990549064,1
-1.8673778365180045,-0.5530876746719899,0
0.4309983843014939,0.39988471128681025,1
3.1507378040632017,1.095751699986524,1
-0.15754755434166473,-2.2610016847119967,0
1.171856834157504,0.925615500788045,1
2.4597639831341978,1.6214591196831643,1
2.80204770736663,2.1756386241047814,1
-2.3089884509442786,0.4856221732388176,0
-0.25852351715767496,-0.5847742364914076,0
1.1191474740933534,2.375150967321419,1
1.0836887993383633,-0.8711491174476602,0
0.7579176177912087,-3.5358032182781134,0
0.3760302514410194,1.191130211854283,0
1.8328558283902459,1.230596769314367,1
0.09851494708243955,-1.1853830179445186,0
0.02163016483783048,-1.6608904237014015,0
-2.5895763564097445,-0.7321385978008756,0
-0.059688498518370325,-0.6646969678775432,0
0.3060441548250846,2.199825102659665,1
-0.29881400103075406,1.9678932992604405,1
-1.0931359715359399,-1.2310139287099595,0
0.3486728475727307,-2.387934673117591,0
2.6834456413083934,1.6973734346555698,1
2.602486945553265,1.55343124477713,1
-1.5946181866332803,-1.0826483984102298,0
-3.127520928648481,0.33281400193979055,0
3.3785191396461927,3.990077259681703,1
1.18426228088485,0.799163201780895,1
-1.6731797715616485,-0.11176366531684956,0
0.16897866090824498,1.4082653461555088,1
2.1931382700915343,3.676385901368771,1
-1.3214533442396905,-1.1939330772372525,0
-0.3627220184072055,-1.7599862154039396,0
3.575913708551099,2.787035172829523,1
1.553670468083481,2.1240032817641303,1
-0.9220218965704261,2.4840762158781438,1
-2.5931583717674123,0.7971658467605862,0
0.9270412196413745,1.7285511723352007,1
-0.18138643809355862,0.46313827856223755,0
1.7598744324760291,-0.12867986154073052,1
1.3297259050576442,1.4878339211340879,1
-1.5740855910631828,-1.5873493138773713,0
0.6537429608611218,2.0276566319827185,1
1.9657167255922294,0.14089510069842404,1
1.6808029727356109,2.258171399372037,1
2.8622153056977258,3.6516062372686378,1
2.07130362205585,2.017181519734874,1
0.9184401400234813,0.8580720858294543,0
1.5622202514059678,2.2342742831253246,1
-1.3982463125226183,-1.9183477981695418,0
-0.053655490840466946,-1.9940253697097905,0
2.996043984337498,-0.06917240647519982,1
3.048471754366634,2.6414845386423558,1
1.2523769190798384,4.282172532640674,1
3.9570769383832443,2.5717467510387553,1
-0.3980332773669316,-1.9077395135941901,0
0.996014638034858,2.1306208265032502,1
-0.446592595655672,-2.9690169899952954,0
1.8324929300056878,0.49676292393790633,1
-1.2923257826057313,-2.7528003564400536,0
-0.3437280986308091,-1.2796745496142963,0
2.314587060992699,4.445747765823571,1
3.0133302120863426,4.095563235842311,1
3.0746800704306385,4.110141912435883,1
-1.8298264442311332,-0.8998820865107319,0
-1.830026352911452,-0.1420622824084165,0
-2.433764900856807,-1.5165746848795785,0
-1.259460244793718,-0.8259741146595043,0
1.4986464689609065,1.907665251260263,1
-1.4539386922666175,-0.8078590711525981,0
-1.7019778076737782,-2.424035624633067,0
-3.543506170872013,-0.12317444880479078,0
2.1341303447864304,0.32363157444516877,1
2.2034684913326994,2.4292813883085778,1
-0.8728901989854597,-0.806529186027899,0
-1.4982718618638877,-2.465459099699597,0
-0.8208215752891448,-0.8674955905196697,0
4.373009573011178,2.9052643747338975,1
5.196452554071763,3.5957093779100733,1
-2.1762391489917827,0.7745586842156943,0
-0.05193407853705302,0.04090959682581807,1
-0.4409041974203744,-1.0048621904855983,0
-0.9341036523502422,-2.069030335182396,0
-2.367926105698288,-1.5972679131121144,0
2.720815735691214,2.9948827316937257,1
-1.4339496995607228,-2.3830472160692278,0
0.8933082224266278,0.6821309352152404,1
5.364379547335062,3.594745672546119,1
3.2094776721719236,1.2587959641684288,1
0.6536180565795777,0.08004550549790457,1
0.6930899891802058,0.9088359929413451,1
3.178372284969804,1.538340776760588,1
2.2487520705374555,-0.01810152643594798,1
-2.538991335633318,-0.20017251128747449,0
-2.1543348616847235,0.13934036824515528,0
-0.3688754376803093,-2.687972422854538,0
2.6401471302204333,0.2272362535131286,1
-0.9418134810852489,1.635470588076614,1
-2.0923388105959604,-2.377698911004449,0
-2.6437629173250503,-0.4322321460386079,0
-2.445089412237418,0.46168336547225175,0
-1.8956369476039086,-0.8384015117259355,0
-0.09488351442982759,1.714434624688407,1
0.34074325022319374,0.6489924472065022,1
1.1322817402768381,-0.7093593808230936,1
-1.603380349503162,-1.6273019809235847,0
2.7162560667208333,1.4645723836099107,1
-2.831071688358006,-1.3888396331230752,0
1.6329418544862015,3.4120071288828906,1
3.8384364601049477,2.491746741529754,1
-2.048388161667076,-0.5686122981907055,0
-2.688017428717835,-1.3355297542118103,0
0.3723676636249267,-1.8941760112569492,0
0.12489131725755476,-0.9614710176582473,1
1.261192134191182,1.540366911314301,1
-0.24207230940376873,-3.030319776762346,0
2.684131816582298,2.3642283061258893,1
1.377523718529455,2.473852896928009,1
3.7538647371259106,1.5612806482253347,1
1.1730497617519573,-1.4945880667489928,0
3.4345347355627416,1.0247145093302803,1
1.8765404573641375,2.198019407909938,1
-2.1415847450274312,0.8384999203301702,0
3.112243907791516,2.280669961770146,1
-0.8994918543007938,-0.06023790584752564,0
-0.3706001570717759,-1.897154479116085,0
1.6023766507133779,-1.0548287542205004,0
-3.150491658613505,1.1764953359881,0
2.0796021337960235,0.8019307429201992,1
3.89196466281909,3.0357299030101577,1
-1.1357787818514498,-1.844362758618875,0
1.5381466492430138,0.42395871663945806,1
0.4447615691988951,0.37598696079637683,0
-3.0664427086500514,0.23301305800467462,0
1.0214711717097764,-0.8118666301985883,1
2.2042177308472954,2.531857445905235,1
0.5717130793612386,0.7796142599617378,1
0.21507764768868332,-1.1759438288157096,1
2.6918728306301483,2.6875640605314133,1
1.7524380298104303,-0.6120387879736311,1
1.2903435693154133,0.8896347998108837,1
0.23123716683645829,-2.16954492748759,0
-0.7772919399617879,0.34058390880738676,1
2.858512450697341,0.8027575285626365,1
0.781446189467795,2.703100527509823,1
-2.1155180636857374,-0.44344948809492285,1
3.6149951275156686,2.9148326825144917,1
-2.1900527340402087,0.16237329221111674,0
-0.8038997212712989,-2.556479313109842,0
-2.6514058743330784,-0.4197744481846679,0
-0.573403909920272,0.5186254366385077,0
-1.3948626473100405,-1.7331936235655243,0
1.3904779269074692,1.2839932833571588,1
-1.4800091270402849,-1.114080636009199,0
1.489743999207636,1.6512727326298027,1
-0.47534110504713356,-0.5925934978679965,0
-2.317857978649936,-0.6213975544473023,0
-1.3091548367932124,-1.5253735090734104,0
1.6121060405102488,1.60808011796217,1
0.9092626064128206,0.8512781643536165,1
0.9923999891118812,-3.4580361429507342,0
1.2881913091228214,1.9469565398881323,1
1.7225071936566752,2.1355571570278102,1
0.7080002871851162,-2.6338086687273687,0
0.4320245343262298,-0.181809655596623,0
-0.5715394319199286,-2.1142317124598544,0
4.692389206519169,0.5861832972998892,1
-1.8409849616255811,-0.749454093193536,0
3.1240101020445628,1.2844639351647869,1
2.8557017891179477,2.1855276407322104,1
-0.8234033184681397,-0.24484043275637693,0
-0.548265371947231,-0.2912945664949089,0
-2.279662296603771,-0.108451596589759,0
-1.1438432070670737,-0.542594508489344,0
-0.6272177339510124,-1.2335969528364839,0
0.7676475568797836,-0.7806057226064623,0
0.9949634544840086,1.719616926894741,1
3.2264972170396744,0.7903140959557878,1
-0.879769933763906,-0.7206385973196212,1
2.6943231877426013,2.490944547230801,1
-2.5711194666085255,-0.8773609362357642,0
1.1612920835071137,0.6654419349092396,1
-0.3259026412991126,-2.1724430890966997,0
1.4259138639020035,1.302272403265207,1
2.5135592354319582,2.356642404639575,1
-1.8171078764338882,0.3436545265568794,0
0.2181082048676855,-3.212511507424148,0
0.23154483711413,-0.7350621430495463,0
-1.9447637245418092,-1.1848711375245102,0
0.06441615119431021,-1.5328813257498333,0
-2.051901106771697,-0.5536750983468418,0
1.4628705974447027,-1.4000520058954182,0
3.350467450851504,3.8145493331912608,1
-0.14814343792233464,-3.545516810519712,0
0.6957888879799613,-1.9550267381955742,0
-0.9713070594478912,-1.4467909590712404,0
3.018860738902592,1.5776555839534234,1
-1.4690041549102648,-1.182219900013805,0
0.0684964835775776,0.17132290700098884,1
1.3619699626763409,1.611337019944025,1
1.6854915300106748,-0.25702443915901696,1
-2.1593162908907493,0.8977755514277379,0
-1.1465742411133468,-1.3569471635554753,0
1.8355126668934816,1.902225016326101,1
2.27540352422314,-0.1929743146153341,1
-0.13171225032255085,-0.43354495130209647,0
-0.7148923071822109,-0.8716606367983688,0
-0.37605191741436594,-0.8453320343871265,0
2.172029392356553,0.6739007320440409,1
-1.5352552273897953,-1.7242747135108016,0
1.4261545025942581,1.5283995172195675,1
0.005796581438398285,-1.8028965138439248,0
1.4840061871770436,2.008682212366284,1
-3.349454293711005,0.15245326483420046,0
2.16304986748364,1.603404017414378,1
-2.2920921979999838,-0.7393262789111523,0
-0.09983152745385293,-1.1093878811464246,0
-1.1323308592680559,1.6947612335068931,0
2.286056677035331,1.2073974770833673,1
1.4285811245476367,1.2832173923919794,1
-1.648959171700304,-0.831979547834411,0
-1.2074498609689304,-1.48162813096974,0
-0.2535277390718129,-2.3043011989979134,0
2.1558988450124508,0.6292849800382851,1
-2.906713029650279,-1.3941678930384123,0
-1.9596337187321735,1.0048382851052413,0
0.3138176597775859,-3.531226779705046,0
-0.9536076993867992,-2.272828761731137,0
-0.6803896693546835,-2.9571289811983665,0
3.192882411423085,2.7433987948145733,1
0.7052851782472889,1.336497485656526,1
-1.3207953338789178,1.1747626002371228,0
-1.9775314488117426,0.9398041803179922,0
-0.5515883239931868,-0.5615090315197128,0
-2.395820186824064,0.7189802862446102,0
-0.9992504262434865,-0.21174827406992797,1
2.16027928947535,1.8519986717717243,1
1.163802367238864,2.671492290807731,1
0.9710543954485155,1.1404119306511071,1
3.506773671982941,1.4077212828016268,1
-3.873485933735159,3.0278830752941994,0
-0.7789112277355842,-2.7785119105805802,0
3.609167091648552,1.1103001488298396,1
-0.4858093815552323,-1.1728614502189671,0
-0.05591100721419334,-2.2377695604232803,0
2.8269650171575544,1.3615784256386005,1
0.3218857872820955,-1.7323349527575278,0
-0.5361067145964731,-0.14666220536415497,0
1.9904903481963936,1.5988140562284234,1
-3.549286020706896,-1.4502935866308468,0
-1.0604272596166409,-1.1287109552872674,0
2.217336171974342,0.990483574937792,1
1.2190122384717892,1.4241720174499406,1
2.982074560023282,0.21085637250133787,1
-1.0848883677104744,-1.7765168108940665,0
-1.5559401229433654,-0.5664026029168387,0
2.6587792220587088,1.162818867414813,1
-1.93257487099826,-0.6196505923235213,0
-0.639460024735709,-2.3293494636664955,0
1.2448842248495273,0.1479622362499302,1
-0.6928087400827274,1.820231388030513,1
-1.533861635774258,-0.6375565688468976,0
2.515242096956132,1.229899256033745,1
-0.137272442361547,-0.10925922898620477,0
0.37067195198773917,-1.1930530501745422,0
2.7405763070494755,0.8197095903815514,1
-1.6331933304928459,-0.2688958522073274,0
0.13042655517642382,-3.3761721600960204,0
1.3113645400402687,1.0704146671966437,1
-1.4060210145162,-0.6809809995161584,0
-1.785769828859113,-0.8032039023419201,0
2.023563407471759,1.8834783650452334,1
0.4816604476028215,-1.0140941685575577,0
-2.1102004107053127,-0.3232021742970257,0
0.23924277134282207,-0.4302790537710013,0
-1.2888437624900504,-2.798632658949943,0
2.736874189287648,2.2229453227517637,1
0.3806348642845715,0.15482343368785906,1
2.0365484040025663,1.1939307857251567,1
-1.2464244707936012,-0.96864535523384,0
1.3769415202368214,0.6954373390397746,1
-1.8378358548334361,-1.6548630674366112,0
0.4773948168170503,-0.4466507765351446,1
-0.7978385865473364,-1.6360708164093187,0
0.3414631334725122,0.00641173157874364,1
0.18429199759554704,-0.40700513502589025,1
-0.1650531310195178,-2.292364928584508,0
2.941128106335932,1.060100582622161,1
1.7430189894133792,0.10143364007480804,1
-0.8226194201843201,0.47631109802160687,0
-1.1610583225973534,-3.3361155530061137,0
-0.9535407115387681,-0.8866159535984144,0
-2.2409495397664285,1.0215334397581382,0
3.354934718652548,2.425028409723394,1
1.8341478532337978,0.9028396860666664,1
-1.3816688143431053,-0.690672023926264,0
0.09564343970800646,-1.9450623537272715,1
3.2326157700067397,1.8452572438788009,1
-0.0685347874791451,-1.7093768325401517,0
2.9294414567444926,2.3193932403897755,1
1.027295058009874,1.6907002792615586,1
2.3388113869874094,-2.043604823103668,0
-1.1781996597917443,0.9376197217679526,0
-1.032105465890763,-1.124109807980435,0
0.8132911855043436,1.833921382447568,1
1.0938005718135915,1.1431740684271523,1
1.4010079454442455,2.2574010221441148,1
2.0454492984278194,1.9932649135462426,1
3.475812038882462,2.918985803794489,1
1.3232422233505237,0.2398255720448562,1
-1.7698475865374848,1.081794126232158,0
0.6418511735342205,-1.3459125394859015,1
0.9873036123607709,3.3914457876368718,1
-1.9678665859805038,1.6909617617664883,0
-0.8762704357352691,-0.8834759559886476,0
-0.024339959745964146,-0.728708770306889,0
1.3232705064253623,0.9729512699695783,1
-3.573173683846603,0.8205447562610027,0
2.524570097584154,3.099319931441059,1
-2.0336830118820255,-0.5866975303505191,0
0.22521008317370794,-0.030130793213960172,0
4.054392589687567,2.5882898205026375,1
1.840601267399704,1.5148498899904035,1
-0.6195635176370395,0.7688798105767104,0
-0.3931268030805748,-0.3486030103556136,0
1.4310126772803073,3.260326824103409,1
3.5888834683651583,1.6429828098650798,1
2.6833818809708676,0.0899290069942213,1
2.531945039371721,2.4210244564598136,1
-0.931245011935371,0.2047691668179702,1
2.9599636974463364,3.4581410884616552,1
-1.1788507147848057,-2.118959952086487,0
-1.447665984779418,-1.6391950135900166,0
-0.8333918672388418,-2.5249235613952488,0
3.215683616759299,2.4312601419107183,1
-0.12933773798131654,-1.5607848542285012,0
1.8727438015910653,2.763115814478385,1
-1.5237684918852359,0.7073468718586287,0
3.8058742299222508,1.1952401597139166,1
3.467936080560812,0.4251289831481419,1
3.6576843482584622,2.364630960444667,1
-2.901953675118585,-0.7396159753208462,0
-1.1924837027539756,-1.420287191389134,0
3.0208375311109337,2.0554076942299657,1
0.8568582079347449,-0.06960675463019217,1
3.1542468583270327,2.696664156275082,1
1.786446710735118,1.409113067395389,1
-0.862173931122592,-1.3488931143667515,0
-0.2519320545992684,-1.7061203551166237,1
-1.2948254336857803,-0.47110795171399655,0
-1.077573730606947,-0.8636488098222375,0
2.956166976108571,1.4339585700922948,1
-3.6408709843156672,0.7396212644454538,0
0.2519758255984298,-1.414297566357189,0
-0.8454798656696387,-1.6986971802078288,0
-2.507945102299754,-2.580597848519052,0
-1.4166817493762818,-0.7930738937053008,0
-0.7060627168865475,-1.0216106835067176,0
2.0117575556717635,0.7941314326901058,1
-0.7653730296001429,-2.0699326400525253,0
0.9034937407510708,1.0614741817639277,0
-2.724046643675919,1.0116976705515064,0
-2.0565144093750445,1.1438091720448686,0
-0.33448609612383584,1.2560719498764612,1
0.24568230552893086,1.5780621010184732,1
1.8717983268035945,2.048972908827106,1
-0.9992494296196298,-1.4564518554326868,0
1.9005797427628368,0.4351046674553556,1
-2.0717510763472573,0.41971592593034723,0
4.1264336271813535,1.6234495926387167,1
2.7852687997899466,1.0094483861756909,1
3.7051961017031303,-0.1554046352976804,1
-0.693046448419851,0.22322170053891735,0
-2.158730226080502,0.29181661100290057,0
-0.966296666954395,0.5294560178281711,0
0.26591432289737504,1.6542545696455395,1
0.4536486307510498,2.389965159841081,1
2.557750760564623,1.8833886422071737,1
3.3093626995090863,1.4572515155801964,1
-2.9589105062542043,0.07472400675092439,0
-1.3171741995820931,-1.812496631212301,0
-2.262350935667548,-0.2661205937395026,0
0.07330225543170137,-1.2285876245275582,0
2.0805948989942937,0.8512600373041181,1
-1.8142906750524603,-1.4803863102421508,0
0.17426107950173392,-0.9405667791947622,1
-1.2029941166815323,-1.6639171005202635,0
0.9139350450332093,2.0229470481548697,1
-2.084741896159229,-0.7242093471734772,0
0.46258132094079085,1.7537363089973,1
3.1826767359429815,4.192938249779683,1
1.1366897443707475,0.2704780366753823,1
3.566024315758725,2.4688879005899227,1
2.6471968639798593,1.8636560963192705,1
-3.0811388206652373,1.4955525544299197,0
2.591049723203258,2.0210719180381047,1
-1.5855631468206912,-4.371627082917993,0
3.5627044246744015,1.7122158773036749,1
1.635187807131362,1.7170532598567112,1
-0.9066551443448769,-0.3292618382789724,0
-1.9714928877961553,-0.6394521865325019,0
2.088209350680382,0.5087633223643888,1
-2.7918065943201884,-0.5262788421642354,0
4.424540676992011,4.306140529465061,1
2.397325958259532,1.646559427171235,1
-2.3355310301161496,-1.4928015703550874,0
3.3810180346959022,3.6407420788567335,1
2.6152836596877878,1.8860807871252536,1
-2.204076482539115,-1.7127150532039044,0
-1.2986134463204904,-0.946403354392069,0
2.0524040039693547,2.8668346336439825,1
-2.4120004281884104,-1.5295746872892282,0
2.5423493904533703,3.148715116802304,1
2.6433670823361655,1.76409931907416,1
-1.4051084860041838,-2.2166063104488987,0
-2.336088882591976,0.5536239321136227,0
-1.0561833367886244,-0.000205352873656528,0
0.6795423188932477,0.925642159648786,1
-0.8286621414201234,-0.03219184730741631,0
-1.7945738520869474,0.2966793028742057,0
1.6808861620700717,0.15356196692605764,1
0.022242187196995097,-0.5217426314320003,0
-1.7896890972692356,-0.9300288376718685,0
1.1675687028195563,0.008949315623838966,1
1.8630481116422266,1.1637176696600602,1
2.9253604245489018,0.3749808242584544,1
2.400882159025268,1.0961330675569894,1
-0.5639511077417482,-2.442133168784852,0
1.6955033731517621,1.9402687011370354,1
1.5181305308970814,1.934911468323946,1
2.2487382779941605,2.161173162278264,1
-0.29311039326691335,-1.411980231591323,0
3.12789420342016,2.549607618215497,1
-0.21377332372326854,-1.1046559785879089,0
-0.9125049914475354,-1.3520458555120758,0
0.7512891389845524,3.7510740843626587,1
-1.847574299552446,0.1314526905716698,0
0.6040741149444182,2.7719368681055334,1
-1.1859277366919154,-2.5129453752640227,0
-0.6500388506291509,-1.2924906633341526,0
-1.722478553150557,-0.8475104625767863,0
-1.2196748365207322,0.07835157342772192,0
-2.8853001926588298,-0.485560311873539,0
1.1436175957064152,-4.647266791697193,0
1.653822273979444,1.9718104083689048,1
-1.183564330701918,-0.9157210427522352,0
2.9741074160623557,1.342562872681686,1
-2.0484171631482724,-0.9761213027180802,0
0.8167267102740596,0.5154745285272377,0
4.722943754284462,2.6870491405769417,1
-0.265965699182686,1.3752458897939188,0
1.3805625496312486,-1.6794949801031105,1
1.076774742471818,0.6475750903973906,1
1.2209323015373565,1.1548493858343043,1
-0.7427825037318461,0.14526079293628635,1
1.4618242913724102,2.201231536047917,1
1.9984951639467403,1.3004966515910197,1
2.1065787152032294,2.6626421290979456,1
-2.0325631216157745,-0.9760484050910015,0
-2.0164195476087707,-3.843733435213628,0
-0.7319429304761538,-0.873207114596751,0
1.670062974560151,0.17833010936438867,1
0.9823541269848961,1.586114908972159,1
1.8504704117056987,1.3421979130119217,1
2.8685312620227066,1.945131025250826,1
3.2894959303607507,0.1470292804801675,1
-2.1368012325976373,0.13055545188260365,0
2.146232821176383,0.12087155339538427,1
4.474666960088688,1.343276233428116,1
-0.9564257177232878,-2.0989980119075855,0
0.44805828872359393,-0.5446313011247059,1
2.147056856461795,0.4266941190435444,1
0.34001078273064617,-0.46993454164132076,1
-0.18219767384212004,1.2595899416782945,0
1.5201052851980879,0.930777037181771,1
2.484662826281128,3.0084388499287416,1
2.0695012227186167,4.129919033670688,1
-2.3217098147258577,-2.1226965261513318,0
2.200655788261977,0.7619614192137906,1
-0.8453407413328595,-1.7291153485275306,0
-0.5744313283538747,1.354503194666634,0
-0.34637076911733555,-1.813579260486997,0
-2.393895609689102,0.1200638387984746,0
-2.351090823648091,1.1058454550139754,0
-0.8326089534466554,-1.6821625215272793,0
1.7248005580589245,1.1043298124422922,1
-1.3592133621715674,-1.137672222825481,0
-0.8722175656616203,-2.3761581046111773,0
-0.5036270872625586,0.9523032856987778,1
1.9211000288800002,2.1554650359764143,1
-0.1985872428280867,-3.0746468903068918,0
2.8738509274718025,1.2088043563734385,1
-0.9820941535764208,-2.0836893208163723,0
0.28740264214367095,0.505916217318392,1
-1.355042624038069,0.2153981889908137,0
-1.2446442452564097,0.12859009186755554,0
-2.453115526870647,-0.5358859722799088,0
1.4173573343618822,1.1146954910201852,1
3.468407252629254,1.2734523149158528,1
-0.21178676195810875,-0.4761066736722559,0
1.2915813216706544,-1.589381245297179,0
-0.9691744817389821,-1.3523791935265628,0
-0.8169115673930367,0.36465748464363745,0
-0.6821679766321025,0.4709893208545694,1
-1.922552046155267,2.5929679355470294,0
0.895127686613149,0.6346162768997162,1
-3.447478297528118,-1.654219425838993,0
2.3489198945925707,2.03302268898253,1
0.07203179077416022,-0.3200347174081468,0
-0.8448292038088329,-0.4644155070903393,0
2.5315914398772583,1.991423387180606,1
2.985615409346718,2.3178286603956146,1
-2.9418813917559157,0.8541702923850959,0
-2.1155194152833467,-2.6361660336888124,0
-0.05012330267311221,-0.6603519825066035,1
3.151167995102917,2.1450513908206945,1
-0.8457177251217403,-0.4914683844998853,0
1.8299360576561237,1.2795320294789843,1
-1.1304265309940005,-0.5259674828687829,0
-2.8760864139476623,-0.8987194042829162,0
-3.2563293613460216,-1.1506935704571344,0
2.2061298502479647,3.164326247545231,1
0.3789671087807961,0.6903611556312519,1
5.466768389708948,0.6562705694028298,1
-0.7748910253285582,0.5184586062577934,0
2.1577870040458893,1.758284145196882,1
-1.0671449988863673,-1.808975627996181,0
-0.5212843529412124,-3.958822976210913,0
1.405495253948777,0.4020616703191775,1
-2.7459095092986465,-1.1114751990784415,0
5.781819006798497,3.1487744695332536,1
-0.4492096406311022,-0.3875634622417947,0
3.995840328928711,4.182420790958872,1
3.6411380809772353,0.3281983013626455,1
-1.9792886182270228,0.055030121295323586,0
0.20659041249932136,0.1161775205085514,1
-0.3542213175725052,-0.27288645363861946,1
-1.3586717534700385,-0.5459366665254449,0
1.8934357651643952,-2.301704813696769,0
0.26769502270648365,-0.7906052505628556,0
1.1633817173333914,2.3749560852590026,1
2.720572008751134,2.6678125697358595,1
0.006668591313848671,-1.993337012364521,0
-2.7923484035002604,0.8575006135829586,0
-0.40154756032037675,-0.5565862792838001,0
3.1875902801372002,-0.8864547289863173,1
-0.9702293004308478,-0.5567431308059411,0
-1.3931660035154667,-1.1820244961925905,0
-1.040187246328229,-1.3498751094303076,0
2.7388322338145636,3.484273383421234,1
1.7811424059641958,0.9482211576939692,1
-2.7989329456640433,-2.1919473629726793,0
1.4250622585647894,-1.9777165594712547,1
3.940239000353663,2.411231693581146,1
1.8623959627099445,1.2860080098169642,1
0.4004402119018421,0.6080412025545231,0
3.4608709105194047,3.4010316814926886,1
-1.7134149375558616,1.6256660760922186,0
-0.9136963402245042,-2.381441407735964,0
-0.3082427309541784,2.5205786495289457,1
-0.7166052332125461,-0.18045271999039664,0
4.378224262377309,3.3620239617974987,1
-3.3394744087386607,0.3086686707058775,0
3.0066613041670167,2.116571203563635,1
-3.049314910818117,-1.893467975870517,0
-1.7838471041904282,-1.30141052190274,0
1.1464746115160014,1.4560612339702603,1
1.5028365811450253,0.0682594057802745,1
0.305559858823346,-1.529203936798301,1
-1.5145397778883998,-1.0095214945342696,0
2.8691342784992386,2.1667406833222183,1
-1.0952560158644367,-0.66475395747007,0
2.3316459084786016,1.8449750697023068,1
3.0382561838207365,0.8133720086068186,1
-1.2178820571796956,-0.01123286929241124,0
-1.340412715176997,-1.4385489027640204,0
2.4684176706097958,1.1538698027365553,1
1.8925897948179005,1.6249987556279126,1
2.999243669379327,1.6755470625018818,1
-2.883806109869163,0.8818628733332696,0
-2.2601963420682423,-0.069064095098474,0
-0.6491616864509886,0.9084886082881902,0
0.9761359017966563,2.0648514274426337,1
1.752915161555939,1.2813288411197785,1
2.3798375832645795,3.3683192535110678,1
-2.0934459422343963,-2.0775503916533715,0
3.1049400538229577,1.8104375722335444,1
1.6569925228951352,1.2388670479729973,1
2.7543336611278333,0.9377861048929281,1
1.068400939431075,0.5805734661374442,1
0.1070720911159847,-0.5334866521114805,1
4.671473756752384,2.3468111537981184,1
1.3868696229949151,0.2594140635997536,1
2.147303947541226,1.8643993038447668,1
-0.3539578320786462,-0.2537532570558483,0
-1.786856723326783,-2.2034923990038457,0
-2.0754626465245662,-0.12620422381728924,0
2.4845633439231793,1.3909103438603418,1
-1.0445264538231347,-0.7605968780766353,0
2.4193108604127627,1.8260055991622948,1
1.2231466075507065,1.4560650438436278,1
1.896880681429187,1.2330837849626053,1
1.5715969018282656,0.6126249713954386,1
-0.3695312731995004,-2.1871554674701668,0
0.10413590876813966,-0.9332355700917754,0
1.6330892390234535,1.777389240614267,1
0.4606299637740755,2.7612646771369738,1
-1.7243592430571313,-0.32004470335425167,0
3.1528506952400597,3.0071858170919623,1
-1.2378756010844807,-3.2533618451532518,0
1.406942028457364,-0.4343266304132791,0
1.0860617755744235,-0.25991060140739825,1
0.5501925231051442,1.4082631004751525,1
-0.923847227119403,-1.6485144094385666,0
1.4457921676056666,-2.338540355746823,0
2.22716452361507,2.0800798858497465,1
0.5811790837426275,0.7321768240467721,1
1.9045249419821422,3.1957562483600013,1
-1.9566620432463746,-1.157103994145125,0
-0.619678937873171,0.020169292790046756,0
-2.918667791850969,-0.16560199202342407,0
1.5671987631974245,0.2539149181070319,1
-0.7844321970449798,0.7568681796470001,0
-0.9655980222371285,-0.1360075772224244,0
0.6437903911051513,1.5563212023904076,1
-0.8469843711172921,-0.14260267012984093,0
1.7599791745612576,0.19383280653202611,0
2.3631906342395443,2.2119854777993093,1
0.8260488843630541,-3.3583308042078217,0
4.129505611971045,2.9975726951894397,1
-4.5109766889006915,-0.08669313661273999,0
1.0842139962624109,2.487301602188136,1
-0.24301339827140175,1.3187574552574663,0
-2.2488675011287964,-0.9444796932073267,0
1.5770477050193772,1.163558395228784,1
-1.4195902936156959,-1.9003880141795935,0
-0.23185411237515863,-1.7639215399376973,0
1.3898377099179071,0.2258577678701677,1
-1.1449880896092592,-1.3039196591949418,0
3.677864743684008,3.276153400242963,1
3.1952575075272347,1.0839869564051137,1
1.4783952054167273,0.5776335808968199,1
-0.75664810377746,-1.3253321417196828,0
-1.9247497185768607,-1.2655949741973225,0
-1.2329821598781556,-1.3479677458037205,0
2.352973440032585,1.6195683515621233,1
1.9546986713851429,2.670326131961297,1
-1.4200414655154416,-0.11356298756555355,0
0.1777930291609362,-0.21363926765785535,0
2.1312610836221726,1.6861282671454678,1
-2.144630053241092,-0.17240360420516793,0
0.6496157467450102,1.8715180802130937,1
0.5748752013462017,0.5714944272850233,1
-1.172081092717038,-2.127674421816675,0
-0.6817332472427818,-1.5275395008028774,0
1.1473628337360702,1.0161236354499932,1
1.0356785028429818,1.1572025005360151,0
0.9082736145314434,1.2468217795579888,1
1.66533384879651,1.7226336307210337,1
-0.7752056865215795,-0.37181065257054674,0
-2.3164857132746874,-1.0184770450009186,0
1.8297012068218457,2.0198136650320846,1
2.040167591646683,0.5641694172974931,1
3.8711373705847083,1.3233534036605537,1
2.40656091605279,1.655842124161591,1
-0.3175586106847784,-2.0794107877390937,0
2.398194826975887,3.2879113472306307,1
-2.8429396739665154,0.1939482287041286,0
1.3529326548551521,3.564426803562318,1
-0.9424068407707054,-3.116882288256837,0
-2.22273852443632,-0.9819711260562709,0
0.5565866092636313,-0.8097718275663567,0
1.4101332963981217,1.1424275202376293,1
-0.6886184836101392,-1.8094059689796504,0
-0.6033268920202519,-1.7303292743435292,0
0.6169194101989689,1.704776371702939,1
0.7042700584562215,2.578913457036765,1
0.5146360092699687,-0.8614214320657225,1
0.07938502203027853,-1.673119858238457,0
2.115457003874451,2.7594074902203554,1
-1.1149537906864144,-0.08892184545911441,0
-1.7346508343366496,-0.9933982104333302,0
-2.4877140110731135,-0.9216096012756412,0
-0.030356118362271367,-1.8616453364610657,0
-1.2356090533518924,-0.16169190094415808,0
2.641946766536275,0.9460221345718542,1
-0.15670907601195982,0.025400045154522377,0
2.4589447432491527,0.5207071722136527,1
4.004345207828091,2.530854364179146,1
0.5673869345809255,-0.6025394362360553,0
1.8689551055477596,1.2335778311886243,1
-0.49637053175349133,-1.7436792533793175,0
0.38572655870838735,0.924118858319124,1
1.3965955365672722,1.810307409951151,1
-2.0750350684424665,-0.8205639508486743,0
1.8475741397349161,5.089189931252999,1
-2.8474866123599583,-1.809493660739622,0
-0.6197472773929422,-1.9244955480175217,0
-0.269371367558295,-1.340356664437929,0
0.307840745896248,1.933893629950151,1
-1.323803123863792,-2.7084624435892843,0
2.8420572860030777,1.5163647040639694,1
-0.472882373985829,-0.9128085556316787,0
1.5117301175656954,2.6431710803134947,1
1.953923746639881,-0.10449147674743275,1
0.8588836565300917,0.12223720874332641,1
0.8401704938256973,-0.15851330452139983,1
1.4490491505142518,2.86672938614742,1
4.030184452520955,1.2767873538754695,1
0.6613724572520864,1.5151627669433947,1
0.5086190315846727,-1.5438135066511962,0
-0.07866955743004125,-3.076071322527447,0
-1.124577523074762,-2.6357505771238885,0
2.2277765062059207,2.044132193768137,1
1.3852182429727926,2.2410046734839355,1
2.910640113567605,0.43529960246594435,1
-0.11030656957166837,-1.5412668760910693,0
3.362142597648221,2.613675689013279,1
-2.007287302444226,0.5034234272711227,0
2.133933988174029,0.28256554983134174,1
0.9068247196908065,-0.03911580407682484,0
1.5751106814453597,0.30295561933736165,1
3.3964285392844555,1.3098489907598825,1
-1.5939843238485256,-1.1226532334328143,0
-0.1940305000324265,-2.4224065488853257,0
-0.9136788352911142,-0.9793402205523338,0
3.374526298023941,2.2670709127468904,1
2.0661591363031095,1.2884242774219175,1
-2.1405869562765316,-2.5052055216824796,0
3.586347278811376,1.8522543283018704,1
-2.436792789987853,-0.4926961160426949,0
0.6848271761613114,-0.03169792629216994,1
2.8113127862497853,2.553080266921646,1
-2.4615173388204097,0.5894754128791105,0
1.258702697673689,1.4445362419616479,1
0.7298727822622987,0.8650073935642594,1
-0.8336490971359767,-1.2680325759484656,0
-0.663140934126491,0.08758569805942037,0
1.8530836502984809,-1.3161732377863005,0
3.731545072575853,2.5025062589296105,1
-0.7260510756624275,2.1721731037526855,1
-0.9209486350337767,-2.1548773691551184,0
1.9767467394197085,0.396737123487955,1
-2.316692794889308,0.7654081843130411,0
2.384263414320434,2.42007418337769,1
-1.0949223743637768,0.7084290599724523,1
0.7947592721304614,-1.0632683601842077,0
2.770001208941524,1.5630956601070967,1
-0.6246256505687144,-0.7415037043098837,0
0.15375252080299567,0.6316700268008304,1
1.9870351485248965,1.479693795057985,1
3.9379351861482856,2.2973367884465663,1
3.328119978798464,2.5204142913709937,1
0.6155489576885123,1.5694921367518604,1
-1.4387068962365963,-2.1003701329315523,0
2.1973263775003433,3.649665957624248,1
-1.6137095324377586,-0.13480479447735505,0
-2.3594163842336293,-1.870825929009649,0
-1.3277457125003784,-2.793079876343932,0
0.5009060797548821,0.0026944851116535717,0
4.103104206127122,4.1272662767666,1
1.7683898798780284,1.8471452826612995,1
2.719010721967953,2.093570877384273,1
1.7394577482864293,1.864019709632405,1
0.40509531254873243,-1.4798104131489032,0
-1.4425977045405034,0.2350340781896103,0
2.7667131753544614,1.1031494935274726,1
1.6341240262288441,0.8771654138189484,1
-1.2596053253014377,-1.6995792061829422,0
0.00023408638346872346,-1.8917155364009766,0
0.24797030787511115,-1.3044218067093287,1
-2.1747224519246218,-0.8960191943219087,0
-0.1614540219408509,1.499269081451023,1
1.2083648475945383,0.7136568599025642,1
0.6207446558969814,-1.909209848492936,1
1.8297806193064148,1.1360478113291537,1
1.6904694191029888,2.555575269055268,1
4.223886996115166,2.606857452375831,1
-2.3542505931968987,0.7059509384332673,0
-0.1960870170139279,-0.9604555697819889,0
-0.7408245283720046,-0.6990414998208249,0
-1.3819770168276908,-1.4601027460821614,0
-3.702994511728733,0.3857967666263944,0
2.9147002725632642,3.009451074295197,1
2.10703540812792,0.3559864035494428,1
-2.023259045705299,0.08383385479475633,0
3.180648899185658,1.0893509386292066,1
-2.1144451149601005,-0.323152496763951,0
2.866871972412307,1.5814555522667098,1
1.1893608910555826,2.068668380046812,1
-0.7830257989105359,-2.587659493850493,0
-0.559987312848424,-0.3696983976404884,0
2.775849619439777,1.162676758960165,1
0.9361589892698697,0.911139915340282,1
2.1882552829912756,3.861794685646082,1
2.6411590451231897,1.4780824389498375,1
